Workbook

Sheet Roster
A1: Student ID | B1: Fellow First | C1: Fellow Last | D1: Fellow Name | E1: Fellow Email | F1: TA Name | G1: CSC Name | H1: Country | I1: Status
A2: 1 | B2: Aastha | C2: Sharma | D2: Aastha Sharma | E2: email1@gmail.com | F2: Stephen | G2: Katie | H2: Canada | I2: =IF(OR('Class Attendance'!Q2="At Risk",'PD Project'!G2="At Risk",'CSC Meeting Per Student'!E2="At Risk"),"Off Track","Normal") -> Off Track
A3: 2 | B3: Afreen | C3: Dhamija | D3: Afreen Dhamija | E3: email2@gmail.com | F3: David | G3: Megan | H3: Canada | I3: =IF(OR('Class Attendance'!Q3="At Risk",'PD Project'!G3="At Risk",'CSC Meeting Per Student'!E3="At Risk"),"Off Track","Normal") -> Normal
A4: 3 | B4: Aidan | C4: Hopkins | D4: Aidan Hopkins | E4: email3@gmail.com | F4: Stephen | G4: Katie | H4: United States | I4: =IF(OR('Class Attendance'!Q4="At Risk",'PD Project'!G4="At Risk",'CSC Meeting Per Student'!E4="At Risk"),"Off Track","Normal") -> Normal
A5: 4 | B5: Alazim | C5: Odu | D5: Alazim Odu | E5: email4@gmail.com | F5: Marsia | G5: Katie | H5: United States | I5: =IF(OR('Class Attendance'!Q5="At Risk",'PD Project'!G5="At Risk",'CSC Meeting Per Student'!E5="At Risk"),"Off Track","Normal") -> Normal
A6: 5 | B6: Alex | C6: Munoz | D6: Alex Munoz | E6: email5@gmail.com | F6: Marsia | G6: Katie | H6: United States | I6: =IF(OR('Class Attendance'!Q6="At Risk",'PD Project'!G6="At Risk",'CSC Meeting Per Student'!E6="At Risk"),"Off Track","Normal") -> Off Track
A7: 6 | B7: Alfred | C7: Thompson | D7: Alfred Thompson | E7: email6@gmail.com | F7: Stephen | G7: Katie | H7: United States | I7: =IF(OR('Class Attendance'!Q7="At Risk",'PD Project'!G7="At Risk",'CSC Meeting Per Student'!E7="At Risk"),"Off Track","Normal") -> Off Track
A8: 7 | B8: Alicia | C8: Feliciano | D8: Alicia Feliciano | E8: email7@gmail.com | F8: Damita | G8: Megan | H8: United States | I8: =IF(OR('Class Attendance'!Q8="At Risk",'PD Project'!G8="At Risk",'CSC Meeting Per Student'!E8="At Risk"),"Off Track","Normal") -> Off Track
A9: 8 | B9: Allen | C9: Saputra | D9: Allen Saputra | E9: email8@gmail.com | F9: Arshdeep | G9: Danielle | H9: United States | I9: =IF(OR('Class Attendance'!Q9="At Risk",'PD Project'!G9="At Risk",'CSC Meeting Per Student'!E9="At Risk"),"Off Track","Normal") -> Off Track
A10: 9 | B10: Alma | C10: Castaneda | D10: Alma Castaneda | E10: email9@gmail.com | F10: David | G10: Nicole | H10: United States | I10: =IF(OR('Class Attendance'!Q10="At Risk",'PD Project'!G10="At Risk",'CSC Meeting Per Student'!E10="At Risk"),"Off Track","Normal") -> Off Track
A11: 10 | B11: Alvin | C11: Duong | D11: Alvin Duong | E11: email10@gmail.com | F11: Krunalkumar | G11: Nicole | H11: United States | I11: =IF(OR('Class Attendance'!Q11="At Risk",'PD Project'!G11="At Risk",'CSC Meeting Per Student'!E11="At Risk"),"Off Track","Normal") -> Off Track
A12: 11 | B12: Amanda | C12: Khokhar | D12: Amanda Khokhar | E12: email11@gmail.com | F12: Alexis | G12: Danielle | H12: Canada | I12: =IF(OR('Class Attendance'!Q12="At Risk",'PD Project'!G12="At Risk",'CSC Meeting Per Student'!E12="At Risk"),"Off Track","Normal") -> Off Track
A13: 12 | B13: Ana | C13: Rodriguez | D13: Ana Rodriguez | E13: email12@gmail.com | F13: Alexis | G13: Danielle | H13: United States | I13: =IF(OR('Class Attendance'!Q13="At Risk",'PD Project'!G13="At Risk",'CSC Meeting Per Student'!E13="At Risk"),"Off Track","Normal") -> Off Track
... A217: 216 | B217: Zhanai | C217: Height | D217: Zhanai Height | E217: email216@gmail.com | F217: Arshdeep | G217: Danielle | H217: United States | I217: =IF(OR('Class Attendance'!Q217="At Risk",'PD Project'!G217="At Risk",'CSC Meeting Per Student'!E217="At Risk"),"Off Track","Normal") -> Normal

Sheet Off Track Fellows
A1: Student ID | B1: Fellow First | C1: Fellow Last | D1: Fellow Name | E1: Fellow Email | F1: TA Name | G1: CSC Name | H1: Country | I1: Status
A2: 1 | B2: Aastha | C2: Sharma | D2: Aastha Sharma | E2: email1@gmail.com | F2: Stephen | G2: Katie | H2: Canada | I2: Off Track
A3: 5 | B3: Alex | C3: Munoz | D3: Alex Munoz | E3: email5@gmail.com | F3: Marsia | G3: Katie | H3: United States | I3: Off Track
A4: 6 | B4: Alfred | C4: Thompson | D4: Alfred Thompson | E4: email6@gmail.com | F4: Stephen | G4: Katie | H4: United States | I4: Off Track
A5: 7 | B5: Alicia | C5: Feliciano | D5: Alicia Feliciano | E5: email7@gmail.com | F5: Damita | G5: Megan | H5: United States | I5: Off Track
A6: 8 | B6: Allen | C6: Saputra | D6: Allen Saputra | E6: email8@gmail.com | F6: Arshdeep | G6: Danielle | H6: United States | I6: Off Track
A7: 9 | B7: Alma | C7: Castaneda | D7: Alma Castaneda | E7: email9@gmail.com | F7: David | G7: Nicole | H7: United States | I7: Off Track
A8: 10 | B8: Alvin | C8: Duong | D8: Alvin Duong | E8: email10@gmail.com | F8: Krunalkumar | G8: Nicole | H8: United States | I8: Off Track
A9: 11 | B9: Amanda | C9: Khokhar | D9: Amanda Khokhar | E9: email11@gmail.com | F9: Alexis | G9: Danielle | H9: Canada | I9: Off Track
A10: 12 | B10: Ana | C10: Rodriguez | D10: Ana Rodriguez | E10: email12@gmail.com | F10: Alexis | G10: Danielle | H10: United States | I10: Off Track
A11: 13 | B11: Ana | C11: Suarez | D11: Ana Suarez | E11: email13@gmail.com | F11: Jean | G11: Nicole | H11: United States | I11: Off Track
A12: 16 | B12: Antrena | C12: Howell | D12: Antrena Howell | E12: email16@gmail.com | F12: Alexis | G12: Danielle | H12: United States | I12: Off Track
A13: 17 | B13: Antwain M | C13: Griffin Jr | D13: Antwain M Griffin Jr | E13: email17@gmail.com | F13: Damita | G13: Megan | H13: United States | I13: Off Track
... A57: 215 | B57: Yvonne | C57: Adams | D57: Yvonne Adams | E57: email215@gmail.com | F57: Damita | G57: Megan | H57: United States | I57: Off Track

Sheet Class Attendance
A1: Fellow Name | B1: Fellow Email | C1: Class 1 | D1: Class 2 | E1: Class 3 | F1: Class 4 | G1: Class 5 | H1: Class 6 | I1: Class 7 | J1: Class 8 | K1: Class 9 | L1: Class 10 | M1: Class 11 | N1: Class 12 | O1: Attendance | P1: Absence | Q1: Attendance Status
A2: Kenneth Medlin Iii | B2: email117@gmail.com | C2: Present | D2: Present | E2: Absent | F2: Present | G2: Present | H2: Present | I2: Present | J2: Present | K2: Present | L2: Present | M2: Present | N2: Absent | O2: =+COUNTIF(C2:N2,"Present") -> 10 | P2: =+COUNTIF(C2:O2,"Absent") -> 2 | Q2: =IF(P2>3,"At Risk","Normal") -> Normal
A3: Fadi El Awad | B3: email62@gmail.com | C3: Present | D3: Present | E3: Present | F3: Present | G3: Present | H3: Present | I3: Present | J3: Present | K3: Present | L3: Present | M3: Absent | N3: Absent | O3: =+COUNTIF(C3:N3,"Present") -> 10 | P3: =+COUNTIF(C3:O3,"Absent") -> 2 | Q3: =IF(P3>3,"At Risk","Normal") -> Normal
A4: Christopher Martin Del Campo | B4: email32@gmail.com | C4: Present | D4: Present | E4: Present | F4: Present | G4: Present | H4: Present | I4: Present | J4: Present | K4: Present | L4: Present | M4: Absent | N4: Absent | O4: =+COUNTIF(C4:N4,"Present") -> 10 | P4: =+COUNTIF(C4:O4,"Absent") -> 2 | Q4: =IF(P4>3,"At Risk","Normal") -> Normal
A5: Brandi Richardson | B5: email27@gmail.com | C5: Present | D5: Present | E5: Present | F5: Present | G5: Present | H5: Present | I5: Present | J5: Present | K5: Present | L5: Present | M5: Absent | N5: Absent | O5: =+COUNTIF(C5:N5,"Present") -> 10 | P5: =+COUNTIF(C5:O5,"Absent") -> 2 | Q5: =IF(P5>3,"At Risk","Normal") -> Normal
A6: Kamalpreet Kaur | B6: email110@gmail.com | C6: Present | D6: Present | E6: Absent | F6: Absent | G6: Absent | H6: Present | I6: Absent | J6: Present | K6: Absent | L6: Absent | M6: Absent | N6: Absent | O6: =+COUNTIF(C6:N6,"Present") -> 4 | P6: =+COUNTIF(C6:O6,"Absent") -> 8 | Q6: =IF(P6>3,"At Risk","Normal") -> At Risk
A7: Ana Suarez | B7: email13@gmail.com | C7: Present | D7: Present | E7: Absent | F7: Absent | G7: Absent | H7: Present | I7: Absent | J7: Present | K7: Absent | L7: Absent | M7: Absent | N7: Absent | O7: =+COUNTIF(C7:N7,"Present") -> 4 | P7: =+COUNTIF(C7:O7,"Absent") -> 8 | Q7: =IF(P7>3,"At Risk","Normal") -> At Risk
A8: Yesenia Andrade | B8: email209@gmail.com | C8: Present | D8: Present | E8: Present | F8: Present | G8: Absent | H8: Present | I8: Absent | J8: Present | K8: Present | L8: Absent | M8: Present | N8: Absent | O8: =+COUNTIF(C8:N8,"Present") -> 8 | P8: =+COUNTIF(C8:O8,"Absent") -> 4 | Q8: =IF(P8>3,"At Risk","Normal") -> At Risk
A9: Leonard Shorter | B9: email125@gmail.com | C9: Present | D9: Present | E9: Present | F9: Present | G9: Absent | H9: Present | I9: Absent | J9: Present | K9: Present | L9: Absent | M9: Present | N9: Absent | O9: =+COUNTIF(C9:N9,"Present") -> 8 | P9: =+COUNTIF(C9:O9,"Absent") -> 4 | Q9: =IF(P9>3,"At Risk","Normal") -> At Risk
A10: Simranjeet Kaur | B10: email188@gmail.com | C10: Present | D10: Present | E10: Present | F10: Present | G10: Absent | H10: Present | I10: Absent | J10: Present | K10: Present | L10: Absent | M10: Present | N10: Absent | O10: =+COUNTIF(C10:N10,"Present") -> 8 | P10: =+COUNTIF(C10:O10,"Absent") -> 4 | Q10: =IF(P10>3,"At Risk","Normal") -> At Risk
A11: Seth Caraballo | B11: email179@gmail.com | C11: Present | D11: Present | E11: Present | F11: Present | G11: Absent | H11: Present | I11: Absent | J11: Present | K11: Present | L11: Absent | M11: Present | N11: Absent | O11: =+COUNTIF(C11:N11,"Present") -> 8 | P11: =+COUNTIF(C11:O11,"Absent") -> 4 | Q11: =IF(P11>3,"At Risk","Normal") -> At Risk
A12: Ricardo Sousa | B12: email165@gmail.com | C12: Present | D12: Present | E12: Present | F12: Present | G12: Absent | H12: Present | I12: Absent | J12: Present | K12: Present | L12: Absent | M12: Present | N12: Absent | O12: =+COUNTIF(C12:N12,"Present") -> 8 | P12: =+COUNTIF(C12:O12,"Absent") -> 4 | Q12: =IF(P12>3,"At Risk","Normal") -> At Risk
A13: Ravi Dhingra | B13: email163@gmail.com | C13: Present | D13: Present | E13: Present | F13: Present | G13: Absent | H13: Present | I13: Absent | J13: Present | K13: Present | L13: Absent | M13: Present | N13: Absent | O13: =+COUNTIF(C13:N13,"Present") -> 8 | P13: =+COUNTIF(C13:O13,"Absent") -> 4 | Q13: =IF(P13>3,"At Risk","Normal") -> At Risk
... A217: Harpal Singh | B217: email76@gmail.com | C217: Present | D217: Present | E217: Present | F217: Present | G217: Present | H217: Present | I217: Present | J217: Present | K217: Present | L217: Present | M217: Present | N217: Present | O217: =+COUNTIF(C217:N217,"Present") -> 12 | P217: =+COUNTIF(C217:O217,"Absent") -> 0 | Q217: =IF(P217>3,"At Risk","Normal") -> Normal

Sheet PD Project
A1: Fellow Name | B1: Fellow Email | C1: Exercise 1 | D1: Exercise 2 | E1: Passed | F1: No Submission | G1: Project Status
A2: Aastha Sharma | B2: email1@gmail.com | C2: No Submission | D2: Pass | E2: =+COUNTIF(C2:D2,"Pass") -> 1 | F2: =+COUNTIF(B2:E2,"No Submission") -> 1 | G2: =IF(F2>=1,"At Risk","Normal") -> At Risk
A3: Afreen Dhamija | B3: email2@gmail.com | C3: Pass | D3: Pass | E3: =+COUNTIF(C3:D3,"Pass") -> 2 | F3: =+COUNTIF(B3:E3,"No Submission") -> 0 | G3: =IF(F3>=1,"At Risk","Normal") -> Normal
A4: Aidan Hopkins | B4: email3@gmail.com | C4: Pass | D4: Pass | E4: =+COUNTIF(C4:D4,"Pass") -> 2 | F4: =+COUNTIF(B4:E4,"No Submission") -> 0 | G4: =IF(F4>=1,"At Risk","Normal") -> Normal
A5: Alazim Odu | B5: email4@gmail.com | C5: Pass | D5: Pass | E5: =+COUNTIF(C5:D5,"Pass") -> 2 | F5: =+COUNTIF(B5:E5,"No Submission") -> 0 | G5: =IF(F5>=1,"At Risk","Normal") -> Normal
A6: Alex Munoz | B6: email5@gmail.com | C6: Pass | D6: No Submission | E6: =+COUNTIF(C6:D6,"Pass") -> 1 | F6: =+COUNTIF(B6:E6,"No Submission") -> 1 | G6: =IF(F6>=1,"At Risk","Normal") -> At Risk
A7: Alfred Thompson | B7: email6@gmail.com | C7: Pass | D7: Pass | E7: =+COUNTIF(C7:D7,"Pass") -> 2 | F7: =+COUNTIF(B7:E7,"No Submission") -> 0 | G7: =IF(F7>=1,"At Risk","Normal") -> Normal
A8: Alicia Feliciano | B8: email7@gmail.com | C8: Pass | D8: Pass | E8: =+COUNTIF(C8:D8,"Pass") -> 2 | F8: =+COUNTIF(B8:E8,"No Submission") -> 0 | G8: =IF(F8>=1,"At Risk","Normal") -> Normal
A9: Allen Saputra | B9: email8@gmail.com | C9: Pass | D9: Pass | E9: =+COUNTIF(C9:D9,"Pass") -> 2 | F9: =+COUNTIF(B9:E9,"No Submission") -> 0 | G9: =IF(F9>=1,"At Risk","Normal") -> Normal
A10: Alma Castaneda | B10: email9@gmail.com | C10: Pass | D10: No Submission | E10: =+COUNTIF(C10:D10,"Pass") -> 1 | F10: =+COUNTIF(B10:E10,"No Submission") -> 1 | G10: =IF(F10>=1,"At Risk","Normal") -> At Risk
A11: Alvin Duong | B11: email10@gmail.com | C11: Pass | D11: Pass | E11: =+COUNTIF(C11:D11,"Pass") -> 2 | F11: =+COUNTIF(B11:E11,"No Submission") -> 0 | G11: =IF(F11>=1,"At Risk","Normal") -> Normal
A12: Amanda Khokhar | B12: email11@gmail.com | C12: Pass | D12: Pass | E12: =+COUNTIF(C12:D12,"Pass") -> 2 | F12: =+COUNTIF(B12:E12,"No Submission") -> 0 | G12: =IF(F12>=1,"At Risk","Normal") -> Normal
A13: Ana Rodriguez | B13: email12@gmail.com | C13: Pass | D13: Pass | E13: =+COUNTIF(C13:D13,"Pass") -> 2 | F13: =+COUNTIF(B13:E13,"No Submission") -> 0 | G13: =IF(F13>=1,"At Risk","Normal") -> Normal
... A217: Zhanai Height | B217: email216@gmail.com | C217: Pass | D217: Pass | E217: =+COUNTIF(C217:D217,"Pass") -> 2 | F217: =+COUNTIF(B217:E217,"No Submission") -> 0 | G217: =IF(F217>=1,"At Risk","Normal") -> Normal

Sheet CSC Meetings
A1: Fellow Name | B1: Fellow Email | C1: CSC Name | D1: Meeting Date
A2: Ariel Amaya | B2: email19@gmail.com | C2: Nicole | D2: 45206
A3: Priscilla Disla | B3: email159@gmail.com | C3: Nicole | D3: 45206
A4: Tiffany Whigham | B4: email198@gmail.com | C4: Nicole | D4: 45206
A5: Debbie Quarterman-Williams | B5: email42@gmail.com | C5: Megan | D5: 45206
A6: John B | B6: email99@gmail.com | C6: Megan | D6: 45206
A7: Maulan Brown | B7: email139@gmail.com | C7: Megan | D7: 45206
A8: Shahri Mallabo | B8: email180@gmail.com | C8: Megan | D8: 45206
A9: Hicham Achrait | B9: email80@gmail.com | C9: Katie | D9: 45206
A10: Kevin Johnson | B10: email118@gmail.com | C10: Katie | D10: 45206
A11: Felix Melendez | B11: email63@gmail.com | C11: Danielle | D11: 45206
A12: Demetra Randolph | B12: email43@gmail.com | C12: Megan | D12: 45205
A13: Destaney Goolsby | B13: email47@gmail.com | C13: Nicole | D13: 45204
... A668: Ryan Tidwell | B668: email168@gmail.com | C668: Danielle | D668: 45141

Sheet CSC Meeting Per Student
A1: Student ID | B1: Fellow Name | C1: Fellow Email | D1: CSC Meetings | E1: CSC Status
A2: 1 | B2: Aastha Sharma | C2: email1@gmail.com | D2: =COUNTIF('CSC Meetings'!B:B,'CSC Meeting Per Student'!C2) -> 2 | E2: =+IF(D2<2,"At Risk","Normal") -> Normal
A3: 2 | B3: Afreen Dhamija | C3: email2@gmail.com | D3: =COUNTIF('CSC Meetings'!B:B,'CSC Meeting Per Student'!C3) -> 4 | E3: =+IF(D3<2,"At Risk","Normal") -> Normal
A4: 3 | B4: Aidan Hopkins | C4: email3@gmail.com | D4: =COUNTIF('CSC Meetings'!B:B,'CSC Meeting Per Student'!C4) -> 2 | E4: =+IF(D4<2,"At Risk","Normal") -> Normal
A5: 4 | B5: Alazim Odu | C5: email4@gmail.com | D5: =COUNTIF('CSC Meetings'!B:B,'CSC Meeting Per Student'!C5) -> 3 | E5: =+IF(D5<2,"At Risk","Normal") -> Normal
A6: 5 | B6: Alex Munoz | C6: email5@gmail.com | D6: =COUNTIF('CSC Meetings'!B:B,'CSC Meeting Per Student'!C6) -> 2 | E6: =+IF(D6<2,"At Risk","Normal") -> Normal
A7: 6 | B7: Alfred Thompson | C7: email6@gmail.com | D7: =COUNTIF('CSC Meetings'!B:B,'CSC Meeting Per Student'!C7) -> 4 | E7: =+IF(D7<2,"At Risk","Normal") -> Normal
A8: 7 | B8: Alicia Feliciano | C8: email7@gmail.com | D8: =COUNTIF('CSC Meetings'!B:B,'CSC Meeting Per Student'!C8) -> 4 | E8: =+IF(D8<2,"At Risk","Normal") -> Normal
A9: 8 | B9: Allen Saputra | C9: email8@gmail.com | D9: =COUNTIF('CSC Meetings'!B:B,'CSC Meeting Per Student'!C9) -> 3 | E9: =+IF(D9<2,"At Risk","Normal") -> Normal
A10: 9 | B10: Alma Castaneda | C10: email9@gmail.com | D10: =COUNTIF('CSC Meetings'!B:B,'CSC Meeting Per Student'!C10) -> 1 | E10: =+IF(D10<2,"At Risk","Normal") -> At Risk
A11: 10 | B11: Alvin Duong | C11: email10@gmail.com | D11: =COUNTIF('CSC Meetings'!B:B,'CSC Meeting Per Student'!C11) -> 1 | E11: =+IF(D11<2,"At Risk","Normal") -> At Risk
A12: 11 | B12: Amanda Khokhar | C12: email11@gmail.com | D12: =COUNTIF('CSC Meetings'!B:B,'CSC Meeting Per Student'!C12) -> 2 | E12: =+IF(D12<2,"At Risk","Normal") -> Normal
A13: 12 | B13: Ana Rodriguez | C13: email12@gmail.com | D13: =COUNTIF('CSC Meetings'!B:B,'CSC Meeting Per Student'!C13) -> 4 | E13: =+IF(D13<2,"At Risk","Normal") -> Normal
... A217: 216 | B217: Zhanai Height | C217: email216@gmail.com | D217: =COUNTIF('CSC Meetings'!B:B,'CSC Meeting Per Student'!C217) -> 4 | E217: =+IF(D217<2,"At Risk","Normal") -> Normal
